month,cost
2024-01,15.0
2024-02,87.001685905009
2024-03,93.66132439439356
2024-04,90.61552397779226
2024-05,57.22831223469999
2024-06,92.41196809954145
2024-07,95.49008169829175
2024-08,96.24945833081854
2024-09,92.14958424878456
2024-10,93.95041776565337
2024-11,90.00224787334534
2024-12,121.79891265196177
2025-01,76.1164794090398
